character,reason,decomposition,etymology_semantic,etymology_phonetic,etymology_hint,traditional,traditional_decomposition,traditional_phonetic,traditional_semantic
㓞,blank phonetic,⿰丰刀,刀,,knife,,,,
䙴,blank semantic,⿳覀大㔾,,㔾,,,,,
产,blank semantic,⿳亠丷厂,,厂,,產,⿱文⿸厂生,厂,生
亩,blank phonetic,⿱亠田,田,,field,畝,⿰亩久,,
亶,blank semantic,⿱亠⿱回旦,,旦,,,,,
仂,blank semantic,⿰亻力,,力,,,,,
仅,blank phonetic,⿰亻又,亻,,person,僅,⿰亻堇,堇,亻
仞,blank semantic,⿰亻刃,,刃,,,,,
仪,blank semantic,⿰亻义,,义,,儀,⿰亻義,義,亻
价,blank semantic,⿰亻介,,介,,價,⿰亻賈,賈,亻
但,blank semantic,⿰亻旦,,旦,,,,,
低,blank semantic,⿰亻氐,,氐,,,,,
侌,blank semantic,⿱今云,,今,,,,,
俄,blank semantic,⿰亻我,,我,,,,,
俅,blank semantic,⿰亻求,,求,,,,,
俾,blank semantic,⿰亻卑,,卑,,,,,
兓,blank semantic,⿰旡旡,,旡,,,,,
冼,blank semantic,⿰冫先,,先,,,,,
刅,blank phonetic,⿻刀八,刀,,knife,,,,
列,blank phonetic,⿰歹刂,刂,,line,,,,
刭,blank phonetic,⿰?刂,刂,,knife,,,,
动,blank phonetic,⿰云力,力,,strength,動,⿰重力,重,力
劲,blank phonetic,⿰?力,力,,strength,勁,⿰巠力,,力
勁,blank phonetic,⿰巠力,力,,strength,,,,
厍,blank semantic,⿸厂车,,车,,,,,
厤,blank semantic,⿸厂秝,,秝,,,,,
厥,blank semantic,⿸厂欮,,欮,,,,,
参,blank semantic,⿱⿱厶大彡,,彡,,參,⿳厽人彡,彡,
參,blank semantic,⿳厽人彡,,彡,,,,,
叢,blank phonetic,⿱丵⿸耳又,丵,,thick,,,,
呑,blank phonetic,⿱夭口,口,,mouth,,,,
呔,blank semantic,⿰口太,,太,,,,,
员,blank phonetic,⿱口贝,贝,,money,員,⿱口貝,,貝
哉,blank phonetic,⿹?口,口,,mouth,,,,
員,blank phonetic,⿱口貝,貝,,money,,,,
圙,blank phonetic,⿴囗⿱八面,囗,,enclosure,,,,
圤,blank semantic,⿰土卜,,土,,,,,
堃,blank phonetic,⿱⿰方方土,土,,earth,,,,
塌,blank phonetic,⿰土⿱日羽,土,,earth,,,,
塞,blank phonetic,⿱宀⿱?土,土,,earth,,,,
墼,blank phonetic,⿱⿰車殳土,土,,earth,,,,
头,blank phonetic,⿻⺀大,大,,high,頭,⿰豆頁,豆,頁
婴,blank phonetic,⿱⿰贝贝女,女,,woman,嬰,⿱賏女,,女
媲,blank phonetic,⿰女?,女,,woman,,,,
嫠,blank phonetic,⿱⿰未攵⿸厂女,女,,,,,,
嬰,blank phonetic,⿱賏女,女,,woman,,,,
孓,blank phonetic,子,子,,seed,,,,
容,blank phonetic,⿱宀谷,宀,,roof,,,,
尃,blank semantic,⿱甫寸,,甫,,,,,
尤,blank semantic,⿻尢丶,,尢,,,,,
尻,blank phonetic,⿸尸九,尸,,body,,,,
岂,blank semantic,⿱山己,,己,,豈,⿱山豆,,
巯,blank semantic,⿰⿱?工㐬,,㐬,,,,,
废,blank semantic,⿸广发,,发,,廢,⿸广發,發,
庸,blank semantic,⿸广⿱彐用,,用,,,,,
庹,blank phonetic,⿸广⿱廿尺,广,,wide,,,,
廛,blank phonetic,⿸广⿱⿱里八土,广,,building,,,,
廢,blank semantic,⿸广發,,發,,,,,
弪,blank phonetic,⿰弓?,弓,,bow,弳,⿰弓巠,,弓
弳,blank phonetic,⿰弓巠,弓,,bow,,,,
德,blank phonetic,⿰彳⿱⿱十罒⿱一心,心,,heart,,,,
忕,blank phonetic,⿰忄大,忄,,mind,,,,
怿,blank phonetic,⿰忄?,忄,,heart,,,,
恥,blank phonetic,⿰耳心,心,,heart,,,,
恼,blank phonetic,⿰忄⿱亠凶,忄,,heart,惱,⿰忄⿱巛囟,,忄
惱,blank phonetic,⿰忄⿱巛囟,忄,,heart,,,,
抛,blank phonetic,⿰扌⿺九力,扌,,hand,拋,⿰扌⿺尢力,,扌
拋,blank phonetic,⿰扌⿺尢力,扌,,hand,,,,
拖,blank phonetic,⿰扌⿱亻也,扌,,hand,,,,
拶,blank phonetic,⿰扌⿱巛夕,扌,,hand,,,,
挛,blank phonetic,⿱亦手,手,,hand,攣,⿱䜌手,䜌,手
探,blank phonetic,⿰扌⿱?木,扌,,hand,,,,
搀,blank phonetic,⿰扌⿱免⺀,扌,,hand,攙,⿰扌毚,毚,扌
搴,blank phonetic,⿱?手,手,,hand,,,,
敝,blank phonetic,⿰?攵,攵,,strike,,,,
敻,blank phonetic,⿱?夂,夂,,go,,,,
斋,blank phonetic,⿱文而,文,,culture,齋,⿵齊小,小,齊
斌,blank phonetic,⿰文武,文,,culture,,,,
时,blank phonetic,⿰日寸,日,,day,時,⿰日寺,寺,日
春,blank phonetic,⿱?日,日,,sun,,,,
曱,blank semantic,⿻曰?,,曰,,,,,
有,blank semantic,⿸?月,,月,,,,,
杨,blank phonetic,⿰木昜,木,,tree,楊,⿰木昜,昜,木
桀,blank phonetic,⿱舛木,木,,tree,,,,
椁,blank phonetic,⿰木享,木,,wood,槨,⿰木郭,郭,木
檃,blank phonetic,⿱⿰阝⿱爫⿱工彐木,木,,wood,,,,
款,blank phonetic,⿰⿱士示欠,欠,,owe,,,,
毂,blank phonetic,⿰⿱士军车,车,,wheel,轂,⿰⿱⿳士冖一車殳,殳,車
每,blank semantic,⿱?母,,母,,,,,
毓,blank phonetic,⿰每㐬,母,,mother,,,,
毫,blank phonetic,⿱⿳亠口冖毛,毛,,hair,,,,
氐,blank phonetic,⿱氏丶,氏,,clan,,,,
氶,blank phonetic,⿱?水,水,,water,,,,
沒,blank phonetic,⿰氵⿱?又,氵,,water,,,,
沿,blank phonetic,⿰氵⿱几口,氵,,water,,,,
泽,blank phonetic,⿰氵?,氵,,water,澤,⿰氵睪,睪,氵
泾,blank phonetic,⿰氵?,氵,,water,涇,⿰氵巠,,氵
涇,blank phonetic,⿰氵巠,氵,,water,,,,
渊,blank phonetic,⿰氵⿻?米,氵,,water,淵,⿰氵⿻⿰片爿一,片,氵
溦,blank phonetic,⿲氵⿳山一几攵,氵,,water,,,,
溻,blank phonetic,⿰氵⿱日羽,氵,,water,,,,
滎,blank phonetic,⿳炏冖水,水,,water,,,,
澈,blank phonetic,⿰氵⿰育攵,氵,,water,,,,
烃,blank phonetic,⿰火?,火,,fire,烴,⿰火巠,巠,火
熏,blank phonetic,⿱?灬,灬,,fire,燻,⿰火熏,熏,火
熒,blank phonetic,⿱⿱炏冖火,火,,fire,,,,
爨,blank phonetic,⿱⿳?林大火,火,,fire,,,,
牖,blank phonetic,⿰片⿸户甫,户,,door,,,,
牚,blank semantic,⿱尚牙,,尚,,,,,
牟,blank phonetic,⿱厶牛,牛,,ox,,,,
瑙,blank phonetic,⿰王⿱巛囟,王,,jade,,,,
璺,blank phonetic,⿱?玉,玉,,jade,,,,
甬,blank semantic,⿱?用,,用,,,,,
疟,blank phonetic,⿸疒?,疒,,sickness,瘧,⿸疒虐,虐,疒
疫,blank phonetic,⿸疒殳,疒,,sickness,,,,
痉,blank phonetic,⿸疒?,疒,,sickness,痙,⿸疒巠,巠,疒
瘗,blank phonetic,⿸疒⿱夹土,土,,earth,,,,
皋,blank semantic,⿱白夲,,夲,,,,,
盈,blank phonetic,⿱夃皿,皿,,dish,,,,
盧,blank semantic,⿸虍⿱田皿,,虍,,,,,
眔,blank phonetic,⿱目?,目,,eye,,,,
眽,blank phonetic,⿰目?,目,,eye,,,,
祟,blank phonetic,⿱出示,示,,spirit,,,,
秀,blank phonetic,⿱禾乃,禾,,flower,,,,
秭,blank phonetic,⿰禾?,禾,,grain,,,,
窆,blank phonetic,⿱穴乏,穴,,hole,,,,
竈,blank phonetic,⿱穴⿱土黽,穴,,hole,,,,
笫,blank phonetic,⿱⺮?,⺮,,bamboo,,,,
系,blank phonetic,⿱丿糸,糸,,thread,,,,
約,blank phonetic,⿰糹勺,糹,,thread,,,,
紧,blank phonetic,⿱⿰?又糸,糸,,silk,緊,⿱臤糸,臤,糸
絛,blank phonetic,⿰亻⿱夂糸,糸,,silk,,,,
縈,blank phonetic,⿱⿱炏冖糸,糸,,thread,,,,
约,blank phonetic,⿰纟勺,纟,,thread,約,⿰糹勺,,糹
绎,blank phonetic,⿰纟?,纟,,thread,繹,⿰糹睪,睪,糹
罂,blank phonetic,⿱⿰贝贝缶,缶,,pottery,罌,⿱賏缶,賏,缶
罗,blank phonetic,⿱罒夕,罒,,net,羅,⿱罒維,,
罙,blank semantic,⿱⺳木,,木,,,,,
罹,blank phonetic,⿱罒惟,忄,,heart,,,,
羆,blank phonetic,⿱罒熊,熊,,bear,,,,
羌,blank semantic,⿸羊乚,,羊,,,,,
羟,blank semantic,⿰羊?,,羊,,羥,⿰羊巠,羊,巠
耿,blank phonetic,⿰耳火,火,,fire,,,,
聯,blank phonetic,⿰耳絲,絲,,silk,,,,
肾,blank phonetic,⿱⿰?又⺼,⺼,,flesh,腎,⿱臤⺼,臤,⺼
胫,blank phonetic,⿰⺼?,⺼,,flesh,脛,⿰⺼巠,巠,⺼
脑,blank phonetic,⿰⺼⿱亠凶,⺼,,flesh,腦,⿰⺼⿱巛囟,,
脔,blank phonetic,⿱亦肉,肉,,meat,臠,⿱䜌肉,䜌,肉
舂,blank phonetic,⿱?臼,臼,,mortar,,,,
舊,blank semantic,⿱雈臼,,臼,,,,,
船,blank phonetic,⿰舟⿱几口,舟,,ship,,,,
苎,blank phonetic,⿱艹⿱宀一,艹,,grass,苧,⿱艹宁,宁,艹
茎,blank phonetic,⿱艹?,艹,,grass,莖,⿱艹巠,巠,艹
茶,blank phonetic,⿱艹⿱人木,艹,,plant,,,,
荥,blank phonetic,⿳艹冖水,水,,water,滎,⿳炏冖水,,水
荦,blank phonetic,⿱艹⿱冖牛,牛,,ox,,,,
荧,blank phonetic,⿱艹⿱冖火,火,,fire,熒,⿱⿱炏冖火,,火
萤,blank phonetic,⿱艹⿱冖虫,虫,,insect,螢,⿳⿰火火冖虫,,
萦,blank phonetic,⿳艹冖糸,糸,,thread,縈,⿱⿱炏冖糸,,糸
虫,blank semantic,⿱中?,,中,,蟲,⿱虫⿰虫虫,,
衆,blank phonetic,⿱血乑,乑,,side-by-side,,,,
褟,blank phonetic,⿰衤⿱日羽,衤,,clothes,,,,
褰,blank phonetic,⿱宀⿱?衣,衣,,clothes,,,,
览,blank phonetic,⿱?见,见,,see,覽,⿱監見,監,見
訇,blank phonetic,⿹勹言,言,,speech,,,,
译,blank phonetic,⿰讠?,讠,,speech,譯,⿰言睪,睪,言
象,blank phonetic,⿳⺈口豕,豕,,boar,,,,
貴,blank phonetic,⿱⿱中一貝,貝,,money,,,,
買,blank phonetic,⿱罒貝,貝,,money,,,,
贏,blank phonetic,⿵吂⿲⺼貝?,貝,,money,,,,
贤,blank phonetic,⿱⿰?又贝,贝,,money,賢,⿱臤貝,臤,貝
贵,blank phonetic,⿱⿱中一贝,贝,,money,貴,⿱⿱中一貝,,貝
赢,blank phonetic,⿱吂⿲⺼贝?,贝,,money,贏,⿵吂⿲⺼貝?,,貝
赧,blank phonetic,⿰赤?,赤,,red,,,,
辵,blank phonetic,⿱彡止,止,,foot,,,,
迳,blank phonetic,⿺辶?,辶,,walk,逕,⿺辶巠,巠,辶
遣,blank phonetic,⿺辶⿱⿱中一㠯,辶,,walk,,,,
釐,blank semantic,⿱?厘,,厘,,,,,
鉴,blank phonetic,⿱?金,金,,metal,鑑,⿰釒監,監,釒
铎,blank phonetic,⿰钅?,钅,,bell,,,,
锓,blank phonetic,⿰钅⿳彐冖又,钅,,metal,,,,
阢,blank semantic,⿰阝兀,,兀,,,,,
阮,blank semantic,⿰阝元,,元,,,,,
陉,blank phonetic,⿰阝?,阝,,hill,陘,⿰阝巠,巠,阝
陋,blank phonetic,⿰阝⿺乚丙,阝,,village,,,,
隳,blank semantic,⿱隋⿱人⺗,,隋,,,,,
雁,blank phonetic,⿸厂倠,隹,,bird,,,,
雖,blank semantic,⿰虽隹,,隹,,,,,
雚,blank phonetic,⿳艹?隹,隹,,bird,,,,
雜,blank semantic,⿰⿳亠从木隹,,隹,,,,,
雝,blank semantic,⿰邕隹,,邕,,,,,
霸,blank phonetic,⿱雨⿰革月,雨,,rain,,,,
韰,blank semantic,⿱⿰歺又韭,,韭,,,,,
颈,blank phonetic,⿰?页,页,,head,頸,⿰巠頁,巠,頁
颍,blank phonetic,⿰⿱匕水页,水,,water,,,,
餐,blank phonetic,⿱⿰歺又食,食,,food,,,,
駮,blank phonetic,⿰馬交,馬,,horse,,,,
驿,blank phonetic,⿰马?,马,,horse,驛,⿰馬睪,睪,馬
鲎,blank phonetic,⿳⺍冖鱼,鱼,,fish,,,,
鳎,blank phonetic,⿰鱼⿱日羽,鱼,,fish,,,,
鹞,blank phonetic,⿰?鸟,鸟,,bird,鷂,⿰䍃鳥,䍃,鳥
鹰,blank phonetic,⿸⿸广倠鸟,鸟,,bird,鷹,⿸䧹鳥,䧹,鳥
黧,blank phonetic,⿱?黑,黑,,black,,,,
鼂,blank phonetic,⿱旦黽,黽,,toad,,,,
鼍,blank phonetic,⿱⿰口口⿱田⿱一黾,黾,,frog,鼉,⿳⿰口口⿱田一黽,口,黽
