character,not_in_xhc,pinyin,kXHC1983,kTGHZ2013,kTGHZ2013_via,kMandarin,definition
伲,ní,ní nì,nì,ní,,ní,we (Shanghai dialect)
匙,shī,chí shī shi,chí shi,chí shi,,chí,spoon; surname
卓,zhuó,zhuó zhuō,zhuō,zhuó,,zhuó,"profound, lofty, brilliant"
呒,fǔ,ḿ fǔ,ḿ,ḿ,,ḿ,unclear; an expletive
呢,né,ne né ní,ne ní,ne ní,,ne,wool; interrogative or emphatic final particle
哮,xiào,xiào xiāo,xiāo,xiào,,xiào,to cough; to pant; to roar
啥,shá,shá shà,shà,shá,,shá,what?
嗦,suo,suō suo,suō,suō,,suō,to suck
嗯,en,ǹg en ńg ňg,ń ň ǹ ńg ňg ǹg,ńg ňg ǹg,,ǹg,interjection indicating agreement or appreciation
嘸,fǔ,fǔ ḿ,ḿ,ḿ,呒,fǔ,unclear; an expletive
嬷,mó,mó mā,mā,mó,,mó,mother
子,zi,zǐ zi,zǐ,zǐ,,zǐ,"son, child; seed, egg; fruit; small thing"
尢,wāng,wāng yóu,yóu,wāng,,wāng,"weak, lame"
帧,zhēn,zhēn zhèng,zhèng,zhēn,,zhēn,"picture, scroll; one of a pair"
桲,bó,bó po,po,bó po,,bó,quince
桿,gān,gǎn gān,gǎn,gān gǎn,杆,gǎn,"cane, pole, stick"
槭,qì,qì qī,qī,qì,,qì,maple tree
汲,jí,jí,jī,jí,,jí,to draw water at a well; to imbibe
潦,liáo,liáo lǎo,lǎo liǎo,liáo,,liáo,"to flood; puddle; dejected, careless"
瀋,chén,shěn chén,shěn,shěn,沈,shěn,"to sink, to submerge; addicted; surname"
瀰,mǐ,mí mǐ,mí,mí,弥,mí,"to overflow, to flood; to disseminate"
爿,qiáng,pán qiáng,pán,pán,,pán,half of a tree trunk
瑱,tiàn,tiàn zhèn,zhèn,tiàn,,tiàn,a jade earring
甸,diān,diàn diān,diàn,diàn,,diàn,suburbs of the capital; to govern; crops
町,tīng,tīng dīng,dīng tǐng,dīng,,tǐng,a raised path between fields
痾,kē,kē,ē,kē,疴,ē,"sickness, illness; pain"
瘩,da,da dá,dá,da dá,,da,pimples
癥,zhèng,zhēng zhèng,zhēng,zhèng zhēng,症,zhēng,"ailment, disease, illness"
盡,jǐn,jǐn jìn,jìn,jìn jǐn,尽,jǐn,"to exhaust, to use up, to deplete"
矽,xì,xì xī,xī,,,xì,silicon
砉,huò,huā huò,huā xū,huā,,huā,the sound of a whip cracking
砝,fá,fǎ fá,fǎ,fǎ,,fǎ,a standard weight (as for a balance)
碡,dú,zhóu dú,zhóu,zhóu,,zhóu,stone roller
綮,qìng,qǐ qìng,qǐ qǐng,qìng,,qìng,embroidered banner
纍,lèi,léi lèi lěi,léi lěi,lèi léi lěi,累,léi,"tired; to accumulate; to involve; bother, nuisance"
绩,jì,jì jī,jī,jì,,jì,"achievements, merit"
羅,luō,luó luō,luó,luó,罗,luó,"gauze, net; to collect, to display"
聒,guā,guō guā,guō,guō,,guō,"clamor, din, hubbub"
芎,qiōng,xiōng qiōng,xiōng,xiōng,,xiōng,Szechuan lovage rhizome
苧,zhù,níng zhù,níng,níng,,níng,"China grass, ramie"
茸,rōng,róng rōng,róng,róng,,róng,"soft, downy; buds, sprouts"
荨,xún,xún qián,qián,qián xún,,xún,nettle
菹,jū,zū jū,zū,zū,,zū,salted or pickled vegetables
蔔,bó,bó bo,bo,bo bǔ,卜,bó,radish; root vegetables
蕃,bō,fān bō,fān fán,bō,,bō,"abundant, flourishing; barbarians, foreigners"
衕,tóng,tòng tóng,tòng,tòng tóng,同,tòng,"same, similar; together with, alike"
謦,qìng,qìng qǐng,qǐng,,,qìng,to speak softly
诤,zhēng,zhèng zhēng,zhèng,zhèng,,zhèng,"to admonish, to warn; to criticize"
豉,shì,chǐ shì,chǐ,chǐ,,chǐ,fermented beans
迕,wù,wǔ wù,wǔ,wǔ,,wǔ,"obstinate, perverse"
迹,jì,jì jī,jī,jì,,jì,"trace, sign, mark, footprint"
遢,tà,tà tā,tā,tā,,ta,"careless, negligent, slipshod"
釐,xī,lí xī,lí xǐ,xī,,xī,one thousandth
钭,dǒu,dǒu tǒu,tǒu,dǒu,,dǒu,wine flagon
饹,gē,gē le,le,gē le,,gē,buckwheat or sorghum noodles
驯,xùn,xùn xún,xún,xùn,,xùn,"tame, obedient, docile"
髒,zàng,zāng zàng,zāng,zàng zāng,脏,zāng,"organs, viscera; dirty, filthy"
髮,fā,fà fā,fà,fà fā,发,fà,"to issue, to dispatch, to send out; hair"
