character,check,reason,decomposition,traditional,traditional_decomposition,suggested,etymology_phonetic,etymology_semantic
丢,copied_decomposition,identical to 丟's decomposition,⿱王厶,丟,⿱王厶,⿱丿去,,
别,copied_decomposition,identical to 別's decomposition,⿰另刂,別,⿰另刂,⿰另刂,,
刹,copied_decomposition,identical to 剎's decomposition,⿰杀刂,剎,⿰杀刂,⿰杀刂,杀,刂
嬷,traditional_component,component 麽 converts to 么,⿰女麽,,,⿰女麽,麽,女
弑,copied_decomposition,identical to 弒's decomposition,⿰杀式,弒,⿰杀式,⿰杀式,式,杀
扬,copied_decomposition,identical to 揚's decomposition,⿰扌昜,揚,⿰扌昜,⿰扌𠃓,昜,扌
拣,copied_decomposition,identical to 揀's decomposition,⿰扌柬,揀,⿰扌柬,⿰扌𫠣,柬,扌
摇,copied_decomposition,identical to 搖's decomposition,⿰扌䍃,搖,⿰扌䍃,⿰扌䍃,䍃,扌
杨,copied_decomposition,identical to 楊's decomposition,⿰木昜,楊,⿰木昜,⿰木𠃓,,木
殇,copied_decomposition,identical to 殤's decomposition,⿰歹⿱?昜,殤,⿰歹⿱?昜,⿰歹⿱𠂉𠃓,昜,歹
汤,copied_decomposition,identical to 湯's decomposition,⿰氵昜,湯,⿰氵昜,⿰氵𠃓,昜,氵
炀,copied_decomposition,identical to 煬's decomposition,⿰火昜,煬,⿰火昜,⿰火𠃓,昜,火
炼,copied_decomposition,identical to 煉's decomposition,⿰火柬,煉,⿰火柬,⿰火𫠣,柬,火
瑶,copied_decomposition,identical to 瑤's decomposition,⿰王䍃,瑤,⿰王䍃,⿰王䍃,䍃,王
畅,copied_decomposition,identical to 暢's decomposition,⿰申昜,暢,⿰申昜,⿰申𠃓,昜,申
练,copied_decomposition,練's decomposition ⿰糹柬 with simplified components; cjkvi's mainland glyph ⿰纟𫠣 has no 柬,⿰纟柬,練,⿰糹柬,⿰纟𫠣,柬,纟
肠,copied_decomposition,identical to 腸's decomposition,⿰⺼昜,腸,⿰⺼昜,⿰月𠃓,昜,⺼
脉,copied_decomposition,identical to 脈's decomposition,⿰⺼永,脈,⿰⺼永,⿰月永,,
芈,traditional_component,component 羋 converts to 芈,⿻羋?,羋,⿱??,⿱艹⿻二丨,,
范,traditional_component,component 氾 converts to 泛,⿱艹氾,範,⿱⺮⿰車㔾,⿱艹氾,氾,艹
觞,copied_decomposition,identical to 觴's decomposition,⿰角⿱?昜,觴,⿰角⿱?昜,⿰角⿱𠂉𠃓,昜,角
遥,copied_decomposition,identical to 遙's decomposition,⿺辶䍃,遙,⿺辶䍃,⿺辶䍃,䍃,辶
阋,traditional_component,component 兒 converts to 儿,⿵门兒,鬩,⿵鬥兒,⿵门兒,兒,门
阏,traditional_component,component 於 converts to 于,⿵门於,閼,⿵門於,⿵门於,於,门
鲵,traditional_component,component 兒 converts to 儿,⿰鱼兒,鯢,⿰魚兒,⿰鱼兒,兒,鱼
