character,held_back,pinyin,kXHC1983,kTGHZ2013,kTGHZ2013_via,kMandarin,definition
一,yí yì,yī,yī yí yì,yī,,yī,"one; a, an; alone"
丁,zhēng,dīng,dīng zhēng,dīng,,dīng,"male adult; robust, vigorous; 4th heavenly stem"
七,qí,qī,qī qí,qī,,qī,seven
不,bú,bù,bú bù,bù,,bù,"no, not, un-; negative prefix"
与,yú,yǔ yù,yú yǔ yù,yù yǔ,,yǔ,"and; with; to; for; to give, to grant"
且,jū,qiě,jū qiě,qiě,,qiě,"moreover, also (post-subject); about to, will soon (pre-verb)"
么,ma yāo,me,ma me yāo,me,,me,interrogative particle
乌,wù,wū,wū wù,wū,,wū,"crow, rook, raven; black, dark"
乘,shèng,chéng,chéng shèng,chéng,,chéng,"ride, mount; to make use of; to ascend; to multiply"
了,liào,le liǎo,le liǎo liào,le liǎo,,le,clear; to finish; particle of completed action
亶,dàn,dǎn,dǎn dàn,dǎn,,dǎn,"real, sincere, true; truth"
仅,jìn,jǐn,jǐn jìn,jǐn,,jǐn,"only, merely, solely, just"
从,cōng,cóng,cōng cóng,cóng,,cóng,"from, by, since, whence, through"
仔,zī,zǐ zǎi,zǎi zī zǐ,zǎi zǐ,,zǐ,"small thing, child; young animal"
仡,yì,gē,gē yì,gē,,gē,"strong; valiant, brave"
价,jiè,jià jie,jià jiè jie,jie jià,,jià,"price, value"
伧,chen,cāng,cāng chen,cāng,,cāng,"vulgar person, country man"
佃,tián,diàn,diàn tián,diàn,,diàn,tenant farmer; to be a tenant farmer
作,zuó,zuò zuō,zuō zuó zuò,zuò zuō,,zuò,"to make; to write, to compose; to act, to perform"
侗,tóng tǒng,dòng,dòng tóng tǒng,dòng,,dòng,"big; ignorant, rude, rustic"
侧,zè zhāi,cè,cè zè zhāi,cè,,cè,"side; to slant, to lean, to incline"
俞,shù,yú,shù yú,yú,,yú,"to consent, to approve; surname"
倘,cháng,tǎng,cháng tǎng,tǎng,,tǎng,"if, supposing, in event of"
倞,liàng,jìng,jìng liàng,jìng,,jìng,far
偈,jié,jì,jì jié,jì,,jì,brave; martial; hasty; scudding
傀,guī,kuǐ,guī kuǐ,kuǐ,,kuǐ,"great, gigantic; puppet"
傖,chen,cāng,cāng chen,cāng,伧,cāng,"vulgar person, country man"
僅,jìn,jǐn,jǐn jìn,jǐn,仅,jǐn,"only, merely, solely, just"
僮,zhuàng,tóng,tóng zhuàng,tóng,,tóng,"page, servant boy"
兀,wū,wù,wū wù,wù,,wù,weak; lame
兒,ní,ér,ér ní,ér,儿,ér,"son, child"
八,bá,bā,bā bá,bā,,bā,"eight; all around, all sides"
六,lù,liù,liù lù,liù,,liù,six
其,jī,qí,jī qí,qí,,qí,"his, her, its, their; that"
冒,mò,mào,mào mò,mào,,mào,"to risk, to brave, to dare"
写,xiè,xiě,xiě xiè,xiě,,xiě,"to write; to draw, to sketch; to compose"
冯,píng,féng,féng píng,féng,,féng,to gallop; by dint of; surname
凹,wā,āo,āo wā,āo,,āo,"concave, hollow; depressed; pass, valley"
凿,zuò,záo,záo zuò,záo,,záo,"chisel; to bore, to pierce"
划,huai,huà huá,huá huà huai,huà huá,,huà,to row or paddle a boat; to scratch; to plan; profitable
剡,yǎn,shàn,shàn yǎn,shàn,,shàn,"sharp, pointed; to sharpen"
剿,chāo,jiǎo,chāo jiǎo,jiǎo,,jiǎo,"to annihilate, to destroy, to exterminate"
劃,huai,huà huá,huá huà huai,huà huá,划,huà,to row or paddle a boat; to scratch; to plan; profitable
化,huā,huà,huā huà,huà,,huà,"to change, to convert, to reform; -ize"
厂,ān,chǎng,ān chǎng,chǎng,,chǎng,"cliff; factory, workshop; building"
厕,si,cè,cè si,cè,,cè,"toilet, washroom; to mingle"
句,gòu,jù gōu,gōu gòu jù,gōu jù,,jù,"sentence, clause, phrase, paragraph; stanza"
各,gě,gè,gě gè,gè,,gè,"individual; each, every; all"
吡,pǐ,bǐ,bǐ pǐ,bǐ,,bǐ,to blame
呆,ái,dāi,ái dāi,dāi,,dāi,"dull, simple, stupid"
呐,na nè ne,nà,nà na nè ne,nà,,nà,"to raise one's voice; to yell, to shout; to stammer"
呔,tǎi,dāi,dāi tǎi,dāi,,dāi,tire; neck-tie
呕,òu,ǒu,ǒu òu,ǒu,,ǒu,"to vomit; to annoy, to enrage"
呗,bài,bei,bài bei,bei,,bei,final particle of an assertion
员,yún,yuán yùn,yuán yún yùn,yuán yùn,,yuán,"employee; member; personnel, staff"
呱,guǎ,gū guā,gū guā guǎ,guā gū,,gū,"to wail, to cry; to swear at"
呲,zī,cī,cī zī,cī,,cī,to grimace; to bare one's teeth
呵,ā á ǎ à a kē,hē,ā á ǎ à a hē kē,hē,,hē,to scold; to yawn; the sound of someone laughing (when repeated)
呶,nǔ,náo,náo nǔ,náo,,náo,"talkative; clamour, hubbub"
咧,lie,liě liē,liē liě lie,liē liě,,liě,"to grimace, to grin"
咱,zá zan,zán,zá zán zan,zán,,zán,"we, us"
哩,lǐ yīng,lī li,lī lǐ li yīng,li lī,,lī,mile
哪,nǎi něi,nǎ na né,nǎ na nǎi né něi,na né nǎ,,nǎ,which? where? how?
唔,ń ńg,wú,ń ńg wú,wú,,wú,to hold in the mouth; bite
唬,xià,hǔ,hǔ xià,hǔ,,hǔ,to intimidate; to scare
唯,wěi,wéi,wéi wěi,wéi,,wéi,only; sole
啴,tān,chǎn,chǎn tān,chǎn,,chǎn,many; to pant
喇,lā lá,lǎ,lā lá lǎ,lǎ,,lǎ,"horn, bugle; llama; final particle"
喏,rě,nuò,nuò rě,nuò,,nuò,respectful reply of assent to superiors
喔,ò,ō wō,ō ò wō,wō,,ō,"onomatopoetic, the sound of crowing or crying"
嗒,tà,dā,dā tà,dā,,dā,absent-minded
嗟,juē,jiē,jiē juē,jiē,,jiē,"sigh, alas"
嗨,hēi,hāi,hāi hēi,hāi,,hāi,an exclamation
嗯,ń ň ǹ,ǹg en ńg ňg,ń ň ǹ ńg ňg ǹg,ńg ňg ǹg,,ǹg,interjection indicating agreement or appreciation
嘀,dī,dí,dī dí,dí,,dí,to whisper
嘏,jiǎ,gǔ,gǔ jiǎ,gǔ,,gǔ,"felicity, prosperity; large and strong"
嘲,zhāo,cháo,cháo zhāo,cháo,,cháo,"to deride, to jeer at, to ridicule, to scorn"
嘽,tān,chǎn,chǎn tān,chǎn,啴,chǎn,many; to pant
嘿,mò,hēi,hēi mò,hēi,,hēi,"quiet, silent"
噌,chēng,cēng,cēng chēng,cēng,,cēng,"to scold, to shout at"
嚄,huò ǒ,huō,huō huò ǒ,huō,,huō,to roar
嚣,áo,xiāo,áo xiāo,xiāo,,xiāo,to make noise; to treat with contempt
圻,yín,qí,qí yín,qí,,qí,"border, boundary"
坏,pī,huài,huài pī,huài,,huài,"bad, rotten, spoiled; to break down"
坷,jiōng,kě kē,jiōng kē kě,kē kě,,kě,"uneven, bumpy; a clod of earth; a lump of soil"
堆,zuī,duī,duī zuī,duī,,duī,"crowd, heap, pile, mass; to pile up; measure word for things in piles or stacks"
堕,huī,duò,duò huī,duò,,duò,"to drop, to fall, to sink; degenerate"
塔,da,tǎ,da tǎ,tǎ,,tǎ,"tower, spire, tall building"
夫,fú,fū,fū fú,fū,,fū,"man, husband; worker; those"
夯,bèn,hāng,bèn hāng,hāng,,hāng,"burden, load; to lift up; to tamp down"
头,tou,tóu,tóu tou,tóu,,tóu,"head; chief, boss; first, top"
契,xiè,qì,qì xiè,qì,,qì,"deed, bond, contract; to engrave"
奓,zhà,zhā,zhā zhà,zhā,,zhā,extravagant
妨,fāng,fáng,fāng fáng,fáng,,fáng,"damage, harm; to impede, to obstruct; to undermine"
妻,qì,qī,qī qì,qī,,qī,wife
委,wēi,wěi,wēi wěi,wěi,,wěi,"to appoint, to commission, to send"
姥,mǔ,lǎo,lǎo mǔ,lǎo,,lǎo,maternal grandmother; midwife
娆,rǎo,ráo,ráo rǎo,ráo,,ráo,"graceful, charming, fascinating"
娩,wǎn,miǎn,miǎn wǎn,miǎn,,miǎn,"childbirth, labor"
嬈,rǎo,ráo,ráo rǎo,ráo,娆,ráo,"graceful, charming, fascinating"
孛,bó,bèi,bèi bó,bèi,,bèi,comet
家,jie,jiā jia,jiā jia jie,jia jiā,,jiā,"house, home, residence; family"
寫,xiè,xiě,xiě xiè,xiě,写,xiě,"to write; to draw, to sketch; to compose"
寻,xín,xún,xín xún,xún,,xún,"to seek; to search for, to look for; ancient"
将,qiāng,jiāng jiàng,jiāng jiàng qiāng,jiàng jiāng,,jiāng,"the future, what will be; ready, prepared; a general"
將,qiāng,jiāng jiàng,jiāng jiàng qiāng,jiàng jiāng,将,jiāng,"the future, what will be; ready, prepared; a general"
尋,xín,xún,xín xún,xún,寻,xún,"to seek; to search for, to look for; ancient"
尨,méng,máng,máng méng,máng,,máng,"shaggy dog; striped, variegated"
属,zhǔ,shǔ,shǔ zhǔ,shǔ,,shǔ,"class, category, type; family; affiliated, belonging to"
屬,zhǔ,shǔ,shǔ zhǔ,shǔ,属,shǔ,"class, category, type; family; affiliated, belonging to"
屯,zhūn,tún,tún zhūn,tún,,tún,"village, hamlet; camp; station"
屹,gē,yì,gē yì,yì,,yì,"to rise, to stand tall"
崴,wēi,wǎi,wǎi wēi,wǎi,,wǎi,"high, lofty, precipitous; to sprain"
嵌,kàn,qiàn,kàn qiàn,qiàn,,qiàn,"valley, ravine; to fall into; to inlay, to set in"
差,chài,chà chā chāi cī,chā chà chāi chài cī,chà chā chāi cī,,chà,"difference, gap; almost, nearly; in error; an officer"
已,sì,yǐ,sì yǐ,yǐ,,yǐ,"already; finished; to stop; then, afterwards"
市,fú,shì,fú shì,shì,,shì,"city, town; market, fair; to trade"
广,ān,guǎng,ān guǎng,guǎng,,guǎng,"broad, vast, wide; building, house"
底,de,dǐ,de dǐ,dǐ,,dǐ,"bottom, underside; below, underneath"
廁,si,cè,cè si,cè,厕,cè,"toilet, washroom; to mingle"
廑,qín,jǐn,jǐn qín,jǐn,,jǐn,hut; careful
往,wàng,wǎng,wǎng wàng,wǎng,,wǎng,"to go, to depart; past, former"
徊,huí,huái,huái huí,huái,,huái,"to linger, to pace; irresolute"
徕,lài,lái,lái lài,lái,,lái,"to entice, to solicit; to encourage customers to come"
從,cōng,cóng,cōng cóng,cóng,从,cóng,"from, by, since, whence, through"
徠,lài,lái,lái lài,lái,徕,lái,"to entice, to solicit; to encourage customers to come"
忒,tēi,tè tuī,tè tēi tuī,tuī,,tè,"excessive (in a bad way); to err, to make a mistake"
忘,wáng,wàng,wáng wàng,wàng,,wàng,"to forget, to miss, to neglect, to overlook"
忪,zhōng,sōng,sōng zhōng,sōng,,sōng,"calm, peaceful; quiet, tranquil"
怙,tiē,hù,hù tiē,hù,,hù,to rely on; to presume; father (formal)
思,sāi,sī,sāi sī,sī,,sī,"to think, to ponder, to consider; final particle"
恁,nín,nèn,nèn nín,nèn,,nèn,"that, thus; such, like so"
恫,tōng,dòng,dòng tōng,dòng,,dòng,"fearful, pained, sorrowful"
恶,wū,è ě wù,ě è wū wù,wù è ě,,è,"bad, evil, wicked; to hate, to loathe; foul, nauseating"
悝,lǐ,kuī,kuī lǐ,kuī,,kuī,to laugh at; to pity; sad; afflicted
惝,tǎng,chǎng,chǎng tǎng,chǎng,,chǎng,"alarmed, agitated"
惡,wū,è ě wù,ě è wū wù,wù è ě,恶,è,"bad, evil, wicked; to hate, to loathe; foul, nauseating"
戏,hū,xì,hū xì,xì,,xì,"play, show, theater"
戲,hū,xì,hū xì,xì,戏,xì,"play, show, theater"
扳,pān,bān,bān pān,bān,,bān,"to drag, to pull; to twist"
抡,lún,lūn,lūn lún,lūn,,lūn,"to swing, to flourish, to brandish"
担,dǎn,dān dàn,dān dǎn dàn,dàn dān,,dān,"to bear, to carry; burden, responsibility"
拆,cā,chāi,cā chāi,chāi,,chāi,"to break open, to split up, to tear apart"
拉,lǎ là,lā lá,lā lá lǎ là,lá lā,,lā,"to pull, to drag; to seize, to hold; to lengthen; to play (a violin)"
括,guā,kuò,guā kuò,kuò,,kuò,"to embrace, to enclose, to include"
拽,yè,zhuài zhuāi,yè zhuāi zhuài,zhuài,,zhuài,"to drag, to tow; to throw; to twist"
指,zhī zhí,zhǐ,zhī zhí zhǐ,zhǐ,,zhǐ,"finger, toe; to point, to indicate"
挝,zhuā,wō,wō zhuā,wō,,wō,to beat; to strike
挟,jiā,xié,jiā xié,xié,,xié,to seize; to hold to one's bosom
挲,shā,sā suō,sā shā suō,suō sā,,sā,to feel or fondle with the fingers
捂,wú,wǔ,wú wǔ,wǔ,,wǔ,to resist
掄,lún,lūn,lūn lún,lūn,抡,lūn,"to swing, to flourish, to brandish"
掏,táo,tāo,tāo táo,tāo,,tāo,to take out; to pull out; to clean out
掠,lüě,lüè,lüě lüè,lüè,,lüè,"to pillage, to ransack"
掴,guó,guāi,guāi guó,guāi,,guāi,"to slap, to box one's ears"
掷,zhī,zhì,zhī zhì,zhì,,zhì,"to throw, to hurl, to fling, to cast"
掸,shàn,dǎn,dǎn shàn,dǎn,,dǎn,to dust; a duster
掺,shǎn,chān càn,càn chān shǎn,chān,,chān,"to mix, to blend, to adulterate"
摑,guó,guāi,guāi guó,guāi,掴,guāi,"to slap, to box one's ears"
摸,mó,mō,mō mó,mō,,mō,"to caress, to stroke, to gently touch"
摻,shǎn,càn chān,càn chān shǎn,chān,掺,càn,"to mix, to blend, to adulterate"
撣,shàn,dǎn,dǎn shàn,dǎn,掸,dǎn,to dust; a duster
撩,liào,liāo liáo,liāo liáo liào,liáo liāo,,liāo,"to lift, to raise; to provoke, to tease; to push aside clothing"
撾,zhuā,wō,wō zhuā,wō,挝,wō,to beat; to strike
擂,lēi,léi lèi,lēi léi lèi,lèi léi,,léi,"to rub, to grind; to use a mortar and pestle"
擲,zhī,zhì,zhī zhì,zhì,掷,zhì,"to throw, to hurl, to fling, to cast"
擿,zhì,tī,tī zhì,tī,,tī,"to select, to pick out; to discard"
敦,duì,dūn,duì dūn,dūn,,dūn,"honest, candid, sincere; kind-hearted; to esteem"
於,wū,yú yū,wū yū yú,yú yū,,yú,"at, in, on; to, from; alas!"
晟,shèng,chéng,chéng shèng,chéng,,chéng,"bright, clear, splendid"
智,zhī,zhì,zhī zhì,zhì,,zhì,"wisdom, knowledge, intelligence"
暧,nuǎn,ài,ài nuǎn,ài,,ài,"obscure, dim; ambiguous, vague"
暴,pù,bào,bào pù,bào,,bào,"violent, brutal, tyrannical"
有,yòu,yǒu,yǒu yòu,yǒu,,yǒu,"to have, to own, to possess; to exist"
末,me,mò,me mò,mò,,mò,"end, final, last; insignificant"
朴,pō,pǔ piáo pò,piáo pō pò pǔ,piáo pò pǔ,,pǔ,"plain, simple; sincere; surname"
杓,sháo,biāo,biāo sháo,biāo,,biāo,"wooden cup, ladle, or spoon"
柏,bò,bǎi bó,bǎi bó bò,bó bǎi,,bǎi,"cypress, cedar"
栖,xī,qī,qī xī,qī,,qī,"perch, roost, to stay"
栝,kuò,guā,guā kuò,guā,,guā,a builder's frame for measuring
格,gē,gé,gē gé,gé,,gé,"form, pattern, standard"
梢,sào,shāo,sào shāo,shāo,,shāo,the tip of a branch; rudder
椹,zhēn,shèn,shèn zhēn,shèn,,shèn,chopping board
楂,chá,zhā,chá zhā,zhā,,zhā,"raft; to hew, to fell trees"
榜,bàng péng,bǎng,bǎng bàng péng,bǎng,,bǎng,"placard, notice, announcement; a list of names"
橙,chén,chéng,chén chéng,chéng,,chéng,orange
欸,ēi éi ěi èi,ǎi āi,āi ǎi ēi éi ěi èi,ê̄ ê̌ ǎi ế ề,,ǎi,sigh; an exclamatory sound
歙,xī,shè,shè xī,shè,,shè,to suck; the name of a district in Anhui
殷,yǐn,yīn yān,yān yīn yǐn,yān yīn,,yīn,"many, great; abundant, flourishing"
毂,gū,gǔ,gū gǔ,gǔ,,gǔ,the hub of a wheel
氓,méng,máng,máng méng,máng,,máng,"people, subjects, vassals"
汤,shāng,tāng,shāng tāng,tāng,,tāng,"soup, gravy, broth; hot water"
汲,jī,jí,jī,jí,,jí,to draw water at a well; to imbibe
沮,jù,jǔ,jǔ jù,jǔ,,jǔ,"to stop, to prevent; dejected, defeated"
沿,yàn,yán,yán yàn,yán,,yán,"to follow a course, to go along"
泺,pō,luò,luò pō,luò,,luò,a river in Shandong province
洒,xǐ,sǎ,sǎ xǐ,sǎ,,sǎ,"to pour, to spill; to scatter, to shed; to wipe away"
派,pā,pài,pā pài,pài,,pài,"clique, faction, group, sect"
浅,jiān,qiǎn,jiān qiǎn,qiǎn,,qiǎn,"shallow, superficial"
浍,kuài,huì,huì kuài,huì,,huì,"ditch, trench, irrigation canal; river"
混,hún,hùn,hún hùn,hùn,,hùn,"muddy, confused; to mix, to blend; to mingle"
淺,jiān,qiǎn,jiān qiǎn,qiǎn,浅,qiǎn,"shallow, superficial"
渐,jiān,jiàn,jiān jiàn,jiàn,,jiàn,gradually
渑,shéng,miǎn,miǎn shéng,miǎn,,miǎn,the name of a river in Shandong
湮,yīn,yān,yān yīn,yān,,yān,to block up; to sink; to stain
湯,shāng,tāng,shāng tāng,tāng,汤,tāng,"soup, gravy, broth; hot water"
溅,jiān,jiàn,jiān jiàn,jiàn,,jiàn,"to sprinkle, to spray, to splash, to spill"
溱,zhēn,qín,qín zhēn,qín,,qín,a river in Henan province
溺,niào,nì,nì niào,nì,,nì,"to spoil, to pamper, to indulge; to drown"
漯,tà,luò,luò tà,luò,,luò,a river in northern Shandong
潦,liǎo,lǎo,lǎo liǎo,liáo,,liáo,"to flood; puddle; dejected, careless"
澠,shéng,miǎn,miǎn shéng,miǎn,渑,miǎn,the name of a river in Shandong
烏,wù,wū,wū wù,wū,乌,wū,"crow, rook, raven; black, dark"
烟,yīn,yān,yān yīn,yān,,yān,"smoke, soot; opium; tobacco, cigarettes"
焯,zhuō,chāo,chāo zhuō,chāo,,chāo,to scald; to flash-boil vegetables
熏,xùn,xūn,xūn xùn,xūn,,xūn,"to smoke, to cure meat; vapor, smoke, fog"
父,fǔ,fù,fǔ fù,fù,,fù,"father, dad"
猫,máo,māo,māo máo,māo,,māo,cat
王,wàng,wáng,wáng wàng,wáng,,wáng,"king, ruler; royal; surname"
町,tǐng,tīng dīng,dīng tǐng,dīng,,tǐng,a raised path between fields
疸,da,dǎn,da dǎn,dǎn,,dǎn,jaundice; stomach disorder
痾,ē,kē,ē,kē,疴,ē,"sickness, illness; pain"
瘥,cuó,chài,chài cuó,chài,,chài,to recover from disease; an epidemic
盟,míng,méng,méng míng,méng,,méng,"alliance, covenant; oath; to swear"
眯,mǐ,mī,mī mǐ,mí mī,,mī,"to squint, to narrow the eyes; blindness"
矜,guān qín,jīn,guān jīn qín,jīn,,jīn,"to pity, to sympathize, to feel sorry for"
砉,xū,huā huò,huā xū,huā,,huā,the sound of a whip cracking
砌,qiè,qì,qì qiè,qì,,qì,"to pile up, to build; stone steps; rock wall"
研,yàn,yán,yán yàn,yán,,yán,"to grind, to rub; to study, to research"
硌,luò,gè,gè luò,gè,,gè,"hard, bulging"
硐,liú,dòng,dòng liú,dòng,,dòng,cave; chamber; pit
祇,zhǐ,qí,qí zhǐ,qí,,qí,"only, just, simply; one of a pair; an earth god"
祕,bì,mì,bì mì,mì,,mì,"secret, mysterious, abstruse"
祢,nǐ,mí,mí nǐ,mí,,mí,one's deceased father
禰,nǐ,mí,mí nǐ,mí,祢,mí,one's deceased father
称,chèng,chēng chèn,chèn chēng chèng,chèn chēng,,chēng,"balanced; name, brand; to say, to call"
稽,qǐ,jī,jī qǐ,jī,,jī,"to examine, to investigate"
筑,zhú,zhù,zhú zhù,zhù,,zhù,building; a five-string lute
粥,yù,zhōu,yù zhōu,zhōu,,zhōu,"porridge, gruel, congee"
綮,qǐng,qǐ,qǐ qǐng,qìng,,qìng,embroidered banner
繇,zhòu,yáo yóu,yáo yóu zhòu,yóu,,yáo,"cause, means, reason"
繞,rǎo,rào,rǎo rào,rào,绕,rào,"to entwine, to wind around; to orbit, to revolve"
红,gōng,hóng,gōng hóng,hóng,,hóng,"red, vermillion; to blush, to flush; popular"
纹,wèn,wén,wén wèn,wén,,wén,"line, stripe; pattern, decoration; wrinkle"
绕,rǎo,rào,rǎo rào,rào,,rào,"to entwine, to wind around; to orbit, to revolve"
缥,piǎo,piāo,piāo piǎo,piāo,,piāo,"dim, misty, indistinct; a silk veil"
缯,zèng,zēng,zēng zèng,zēng,,zēng,"silk; to tie, to bind; surname"
缲,sāo,qiāo,qiāo sāo,qiāo,,qiāo,"to spool, to reel"
缴,zhuó,jiǎo,jiǎo zhuó,jiǎo,,jiǎo,"to deliver, to submit, to hand over"
罷,pí,bà ba,bà ba pí,ba bà,罢,bà,"to cease, to finish, to stop, to quit"
耑,zhuān,duān,duān zhuān,duān,,duān,specialized; concentrated
育,yō,yù,yō yù,yù,,yù,"to produce, to give birth to; to educate"
胜,shēng,shèng,shēng shèng,shèng,,shèng,"victory; to excel, to truimph"
胳,gā,gē gé,gā gē gé,gé gē,,gē,arms; armpit
脚,jué,jiǎo,jiǎo jué,jiǎo,,jiǎo,"leg, foot; foundation, base"
腊,xī,là,là xī,là,,là,December; year's end sacrifice; dried meat
腳,jué,jiǎo,jiǎo jué,jiǎo,脚,jiǎo,"leg, foot; foundation, base"
膀,bàng,bǎng pāng páng,bǎng bàng pāng páng,bǎng páng pāng,,bǎng,"shoulder, upper arm, wing"
與,yú,yǔ yù,yú yǔ yù,yù yǔ,与,yǔ,"and; with; to; for; to give, to grant"
般,bō pán,bān,bān bō pán,bān,,bān,"sort, manner, kind, class"
芒,wáng,máng,máng wáng,máng,,máng,"blade; ray; silvergrass, Miscanthus sinensis"
苕,tiáo,sháo,sháo tiáo,sháo,,sháo,"rush, reed; trumpet vine"
若,rě,ruò,rě ruò,ruò,,ruò,"if, supposing, assuming; similar"
荤,xūn,hūn,hūn xūn,hūn,,hūn,non-vegetarian food; garlic; a foul smell
莞,guān,guǎn wǎn,guān guǎn wǎn,guǎn wǎn,,guǎn,"to smile; club-rush, Scirpus lacustris"
莩,piǎo,fú,fú piǎo,fú,,fú,"culm, stem; the membrane lining a stem"
莫,mù,mò,mò mù,mò,,mò,cannot; do not; is not; negative
菀,yù,wǎn,wǎn yù,wǎn,,wǎn,luxuriant foliage
落,luō,luò là lào,là lào luō luò,luò là lào,,luò,"to fall, to drop; surplus, net income"
葑,fèng,fēng,fēng fèng,fēng,,fēng,the rape-turnip
蓝,la,lán,la lán,lán,,lán,blue; indigo plant; surname
蓼,lù,liǎo,liǎo lù,liǎo,,liǎo,"knotweed, polygonum"
蕃,fán,fān,fān fán,bō,,bō,"abundant, flourishing; barbarians, foreigners"
蕉,qiáo,jiāo,jiāo qiáo,jiāo,,jiāo,"banana, plantain"
蕻,hòng,hóng,hóng hòng,hóng,,hóng,"budding, flourishing"
藍,la,lán,la lán,lán,蓝,lán,blue; indigo plant; surname
蘖,bò,niè,bò niè,niè,,niè,"stump, sprout"
虎,hù,hǔ,hǔ hù,hǔ,,hǔ,"tiger; brave, fierce; surname"
虾,há,xiā,há xiā,xiā,,xiā,"shrimp, prawn"
蚂,mā,mǎ mà,mā mǎ mà,mà mǎ,,mǎ,ant; leech
蛇,yí,shé,shé yí,shé,,shé,snake
蛾,yǐ,é,é yǐ,é,,é,moth
蜡,zhà,là,là zhà,là,,là,"candle, wax; maggot"
蝦,há,xiā,há xiā,xiā,虾,xiā,"shrimp, prawn"
行,hàng,xíng háng héng,háng hàng héng xíng,háng héng xíng,,xíng,"to go, to walk, to move; professional"
衣,yì,yī,yī yì,yī,,yī,"cloth; clothes, apparel; dress, coat"
衰,cuī,shuāi,cuī shuāi,shuāi,,shuāi,"weak, feeble; to decline, to falter"
裂,liě,liè,liě liè,liè,,liè,"to split, to rend; crevice, crack"
裏,li,lǐ,lǐ li,lǐ,里,lǐ,"inside, interior, within"
裡,li,lǐ,lǐ li,lǐ,里,lǐ,unit of distance equal to 0.5km; village; lane
裨,pí,bì,bì pí,bì,,bì,"to aid, to benefit, to help, to supplement"
裳,cháng,shang,cháng shang,shang,,shang,"skirt, petticoat; beautiful"
褚,zhǔ,chǔ,chǔ zhǔ,chǔ,,chǔ,"bag, valise; to pad, to stuff; surname"
觑,qū,qù,qū qù,qù,,qù,"to peep, to watch, to spy on"
觜,zuǐ,zī,zī zuǐ,zī,,zī,beak
语,yù,yǔ,yǔ yù,yǔ,,yǔ,"words, language; saying, expression"
说,yuè,shuō shuì,shuì shuō yuè,shuì shuō,,shuō,"to speak, to say; to scold, to upbraid"
谜,mèi,mí,mèi mí,mí,,mí,"riddle, puzzle, conundrum"
谯,qiào,qiáo,qiáo qiào,qiáo,,qiáo,"tower; to ridicule, to blame; surname"
谷,yù,gǔ,gǔ yù,gǔ,,gǔ,"valley, gorge, ravine"
豁,huá,huō huò,huá huō huò,huò huō,,huō,"clear, open; exempt"
貓,máo,māo,māo máo,māo,猫,māo,cat
赚,zuàn,zhuàn,zhuàn zuàn,zhuàn,,zhuàn,"to earn, to profit, to make money"
趟,tāng,tàng,tāng tàng,tàng,,tàng,"time, occasion; to make a journey"
趣,cù,qù,cù qù,qù,,qù,interest; interesting; what attracts one's attention
趵,bō,bào,bào bō,bào,,bào,the noise of tramping feet
跂,qì,qí,qí qì,qí,,qí,"to creep, to crawl"
跞,luò,lì,lì luò,lì,,lì,"to walk, to move"
蹬,dèng,dēng,dēng dèng,dēng,,dēng,to step on; to wear; to face bad luck
蹲,cún,dūn,cún dūn,dūn,,dūn,"to squat, to crouch"
蹴,jiu,cù,cù jiu,cù,,cù,to leap; to kick; solemn
轉,zhuǎi,zhuǎn zhuàn,zhuǎi zhuǎn zhuàn,zhuàn zhuǎn,转,zhuǎn,"to move, to convey; to turn, to revolve, to circle; to forward mail"
轧,gá,yà zhá,gá yà zhá,yà zhá,,yà,"to crush, to grind; mill, roller"
转,zhuǎi,zhuǎn zhuàn,zhuǎi zhuǎn zhuàn,zhuàn zhuǎn,,zhuǎn,"to move, to convey; to turn, to revolve, to circle; to forward mail"
轲,kě,kē,kē kě,kē,,kē,axle
辟,pī,pì bì,bì pī pì,bì pì,,pì,"law, rule; to open up, to develop"
边,bian,biān,biān bian,biān,,biān,"border, edge, margin, side"
这,zhèi,zhè,zhè zhèi,zhè,,zhè,"this, these; such; here"
适,kuò,shì,kuò shì,shì,,shì,"match, comfortable; just"
這,zhèi,zhè,zhè zhèi,zhè,这,zhè,"this, these; such; here"
遗,wèi,yí,wèi yí,yí,,yí,to lose; a lost article
邊,bian,biān,biān bian,biān,边,biān,"border, edge, margin, side"
那,nǎ nǎi nè něi nèi,nà nā,nā nǎ nà nǎi nè něi nèi,nà nā,,nà,"that, that one, those"
邪,yé,xié,xié yé,xié,,xié,"wrong, evil, demonic; perverse, depraved, heterodox"
酿,niáng,niàng,niáng niàng,niàng,,niàng,"to ferment, to brew"
釀,niáng,niàng,niáng niàng,niàng,酿,niàng,"to ferment, to brew"
里,li,lǐ,lǐ li,lǐ,,lǐ,unit of distance equal to 0.5km; village; lane
釐,xǐ,lí,lí xǐ,xī,,xī,one thousandth
鑿,zuò,záo,záo zuò,záo,凿,záo,"chisel; to bore, to pierce"
钯,pá,bǎ,bǎ pá,bǎ,,bǎ,palladium
钿,tián,diàn,diàn tián,diàn,,diàn,hairpin; gold-inlaid item; filigree
铣,xiǎn,xǐ,xǐ xiǎn,xǐ,,xǐ,mill
铮,zhèng,zhēng,zhēng zhèng,zhēng,,zhēng,clanging sound; a small gong
锏,jiàn,jiǎn,jiǎn jiàn,jiǎn,,jiǎn,rapier; mace
锬,xiān,tán,tán xiān,tán,,tán,long spear
锯,jū,jù,jū jù,jù,,jù,"a saw; to saw, to amputate"
镐,hào,gǎo,gǎo hào,gǎo,,gǎo,stove; bright
镝,dí,dī,dī dí,dī,,dī,dysprosium
镡,xín,chán tán,chán tán xín,chán tán,,chán,"dagger, dirk, short-sword"
镪,qiǎng,qiāng,qiāng qiǎng,qiāng,,qiāng,"coins, money, wealth"
闢,pī,pì,pī pì,bì pì,辟,pì,"open; to settle, to develop, to open up"
阽,yán,diàn,diàn yán,diàn,,diàn,
阿,a,ā ē,ā a ē,ā ē,,ā,"an initial particle, a prefix used for names; used in transliterations"
陂,pō,pí bēi,bēi pí pō,pí,,pí,"dam, embankment; reservoir"
陶,yáo,táo,táo yáo,táo,,táo,"pottery, ceramics"
隆,lōng,lóng,lōng lóng,lóng,,lóng,"prosperous, plentiful, abundant"
隽,jùn,juàn,juàn jùn,juàn,,juàn,"superior, outstanding, talented"
雅,yā,yǎ,yā yǎ,yǎ,,yǎ,"elegant, graceful, refined"
雋,jùn,juàn,juàn jùn,juàn,隽,juàn,"superior, outstanding, talented"
雨,yù,yǔ,yǔ yù,yǔ,,yǔ,rain
革,jí,gé,gé jí,gé,,gé,"leather, animal hide; to reform; to remove"
頭,tou,tóu,tóu tou,tóu,头,tóu,"head; chief, boss; first, top"
顿,dú,dùn,dú dùn,dùn,,dùn,to pause; to bow; to arrange
颌,gé,hé,gé hé,hé,,hé,mouth; jaw
颤,zhàn,chàn,chàn zhàn,chàn,,chàn,"to shiver, to tremble; trembling"
風,fěng,fēng,fēng fěng,fēng,风,fēng,"wind; air; customs, manners; news"
食,sì yì,shí,shí sì yì,shí,,shí,food; to eat
骨,gú,gǔ gū,gū gú gǔ,gū gǔ,,gǔ,"bone; skeleton; frame, framework"
魄,bó tuò,pò,bó pò tuò,pò,,pò,"vigor, soul, body; the dark side of the moon"
鲅,bō,bà,bà bō,bà,,bà,Chinese mackerel
鲑,xié,guī,guī xié,guī,,guī,salmon; Spheroides vermicularis
鲭,zhēng,qīng,qīng zhēng,qīng,,qīng,mackerel
鳥,diǎo,niǎo,diǎo niǎo,niǎo,鸟,niǎo,bird
鸟,diǎo,niǎo,diǎo niǎo,niǎo,,niǎo,bird
麻,mā,má,mā má,má,,má,"hemp, flax, sesame; numb"
齊,jì,qí,jì qí,qí,齐,qí,"even, uniform, of equal length"
齐,jì,qí,jì qí,qí,,qí,"even, uniform, of equal length"
